{
  "AMZN":{
    "2023-04-04":{
      "1. open":"102.3000",
      "2. high":"104.2000",
      "3. low":"101.4300",
      "4. close":"103.9500",
      "5. volume":"89701726"
    },
    "2023-03-31":{
      "1. open":"99.0700",
      "2. high":"103.4900",
      "3. low":"96.2900",
      "4. close":"103.2900",
      "5. volume":"245608340"
    },
    "2023-03-24":{
      "1. open":"98.4100",
      "2. high":"102.1000",
      "3. low":"95.7000",
      "4. close":"98.1300",
      "5. volume":"292165662"
    },
    "2023-03-17":{
      "1. open":"89.9700",
      "2. high":"100.9900",
      "3. low":"88.1200",
      "4. close":"98.9500",
      "5. volume":"375900695"
    },
    "2023-03-10":{
      "1. open":"95.1900",
      "2. high":"96.5450",
      "3. low":"90.2450",
      "4. close":"90.7300",
      "5. volume":"272158346"
    },
    "2023-03-03":{
      "1. open":"94.2800",
      "2. high":"94.9400",
      "3. low":"90.3900",
      "4. close":"94.9000",
      "5. volume":"255063564"
    },
    "2023-02-24":{
      "1. open":"95.3350",
      "2. high":"97.0100",
      "3. low":"92.3186",
      "4. close":"93.5000",
      "5. volume":"221635260"
    },
    "2023-02-17":{
      "1. open":"97.8500",
      "2. high":"101.1700",
      "3. low":"95.6500",
      "4. close":"97.2000",
      "5. volume":"273466819"
    },
    "2023-02-10":{
      "1. open":"102.9250",
      "2. high":"103.9484",
      "3. low":"96.2300",
      "4. close":"97.6100",
      "5. volume":"394687426"
    },
    "2023-02-03":{
      "1. open":"101.0900",
      "2. high":"114.0000",
      "3. low":"99.0100",
      "4. close":"103.3900",
      "5. volume":"520198305"
    },
    "2023-01-27":{
      "1. open":"97.5600",
      "2. high":"103.4850",
      "3. low":"91.5200",
      "4. close":"102.2400",
      "5. volume":"393991296"
    },
    "2023-01-20":{
      "1. open":"98.6800",
      "2. high":"99.3200",
      "3. low":"92.8600",
      "4. close":"97.2500",
      "5. volume":"288809573"
    },
    "2023-01-13":{
      "1. open":"87.4600",
      "2. high":"98.3700",
      "3. low":"87.0800",
      "4. close":"98.1200",
      "5. volume":"406953053"
    },
    "2023-01-06":{
      "1. open":"85.4600",
      "2. high":"86.9800",
      "3. low":"81.4300",
      "4. close":"86.0800",
      "5. volume":"296825349"
    },
    "2022-12-30":{
      "1. open":"84.9700",
      "2. high":"85.3500",
      "3. low":"81.6900",
      "4. close":"84.0000",
      "5. volume":"232909699"
    },
    "2022-12-23":{
      "1. open":"87.5100",
      "2. high":"87.6300",
      "3. low":"82.2500",
      "4. close":"85.2500",
      "5. volume":"356011886"
    },
    "2022-12-16":{
      "1. open":"89.2100",
      "2. high":"96.2500",
      "3. low":"86.7300",
      "4. close":"87.8600",
      "5. volume":"463456747"
    },
    "2022-12-09":{
      "1. open":"93.0500",
      "2. high":"94.0600",
      "3. low":"87.4800",
      "4. close":"89.0900",
      "5. volume":"355830427"
    },
    "2022-12-02":{
      "1. open":"93.9300",
      "2. high":"97.2300",
      "3. low":"91.4400",
      "4. close":"94.1300",
      "5. volume":"384419765"
    },
    "2022-11-25":{
      "1. open":"93.9700",
      "2. high":"95.0200",
      "3. low":"90.5900",
      "4. close":"93.4100",
      "5. volume":"241025525"
    },
    "2022-11-18":{
      "1. open":"98.7700",
      "2. high":"103.7900",
      "3. low":"92.4800",
      "4. close":"94.1400",
      "5. volume":"453874267"
    },
    "2022-11-11":{
      "1. open":"91.9500",
      "2. high":"101.1900",
      "3. low":"85.8700",
      "4. close":"100.7900",
      "5. volume":"542000753"
    },
    "2022-11-04":{
      "1. open":"103.5600",
      "2. high":"104.8700",
      "3. low":"88.0400",
      "4. close":"90.9800",
      "5. volume":"654167864"
    },
    "2022-10-28":{
      "1. open":"119.9800",
      "2. high":"121.3152",
      "3. low":"97.6600",
      "4. close":"103.4100",
      "5. volume":"522207349"
    },
    "2022-10-21":{
      "1. open":"110.1100",
      "2. high":"119.5900",
      "3. low":"110.0900",
      "4. close":"119.3200",
      "5. volume":"280043144"
    },
    "2022-10-14":{
      "1. open":"115.1000",
      "2. high":"116.2500",
      "3. low":"105.3450",
      "4. close":"106.9000",
      "5. volume":"299106015"
    },
    "2022-10-07":{
      "1. open":"113.5800",
      "2. high":"123.0000",
      "3. low":"112.4500",
      "4. close":"114.5600",
      "5. volume":"258903688"
    },
    "2022-09-30":{
      "1. open":"113.2950",
      "2. high":"118.7000",
      "3. low":"112.8400",
      "4. close":"113.0000",
      "5. volume":"297031011"
    },
    "2022-09-23":{
      "1. open":"122.1600",
      "2. high":"124.7100",
      "3. low":"112.0600",
      "4. close":"113.7800",
      "5. volume":"273562717"
    },
    "2022-09-16":{
      "1. open":"134.0950",
      "2. high":"136.4900",
      "3. low":"120.7000",
      "4. close":"123.5300",
      "5. volume":"340392641"
    },
    "2022-09-09":{
      "1. open":"127.9200",
      "2. high":"133.6900",
      "3. low":"124.7400",
      "4. close":"133.2700",
      "5. volume":"184935249"
    },
    "2022-09-02":{
      "1. open":"129.9000",
      "2. high":"132.0745",
      "3. low":"123.6600",
      "4. close":"127.5100",
      "5. volume":"264885351"
    },
    "2022-08-26":{
      "1. open":"135.7200",
      "2. high":"137.8300",
      "3. low":"130.5000",
      "4. close":"130.7500",
      "5. volume":"216159531"
    },
    "2022-08-19":{
      "1. open":"142.8000",
      "2. high":"146.5700",
      "3. low":"137.9142",
      "4. close":"138.2300",
      "5. volume":"231518800"
    },
    "2022-08-12":{
      "1. open":"142.0500",
      "2. high":"144.6000",
      "3. low":"136.2100",
      "4. close":"143.5500",
      "5. volume":"240022829"
    },
    "2022-08-05":{
      "1. open":"134.9600",
      "2. high":"143.5600",
      "3. low":"133.5100",
      "4. close":"140.8000",
      "5. volume":"331869002"
    },
    "2022-07-29":{
      "1. open":"122.6950",
      "2. high":"137.6500",
      "3. low":"114.5300",
      "4. close":"134.9500",
      "5. volume":"410016770"
    },
    "2022-07-22":{
      "1. open":"115.0000",
      "2. high":"125.5000",
      "3. low":"113.1500",
      "4. close":"122.4200",
      "5. volume":"303077473"
    },
    "2022-07-15":{
      "1. open":"114.0800",
      "2. high":"115.5900",
      "3. low":"106.0100",
      "4. close":"113.5500",
      "5. volume":"304655044"
    },
    "2022-07-08":{
      "1. open":"107.6000",
      "2. high":"116.9900",
      "3. low":"106.3242",
      "4. close":"115.5400",
      "5. volume":"247235315"
    },
    "2022-07-01":{
      "1. open":"117.0900",
      "2. high":"117.9800",
      "3. low":"102.5200",
      "4. close":"109.5600",
      "5. volume":"374381181"
    },
    "2022-06-24":{
      "1. open":"108.2000",
      "2. high":"116.7100",
      "3. low":"103.5600",
      "4. close":"116.4600",
      "5. volume":"265154294"
    },
    "2022-06-17":{
      "1. open":"104.1900",
      "2. high":"109.0600",
      "3. low":"101.4300",
      "4. close":"106.2200",
      "5. volume":"435976011"
    },
    "2022-06-10":{
      "1. open":"125.2450",
      "2. high":"128.9900",
      "3. low":"109.0500",
      "4. close":"109.6500",
      "5. volume":"438796518"
    },
    "2022-06-03":{
      "1. open":"2325.6000",
      "2. high":"2512.2000",
      "3. low":"2313.5000",
      "4. close":"2447.0000",
      "5. volume":"23516357"
    },
    "2022-05-27":{
      "1. open":"2169.2200",
      "2. high":"2303.7400",
      "3. low":"2025.2000",
      "4. close":"2302.9300",
      "5. volume":"24525745"
    },
    "2022-05-20":{
      "1. open":"2262.0000",
      "2. high":"2316.0000",
      "3. low":"2100.1868",
      "4. close":"2151.8200",
      "5. volume":"22351792"
    },
    "2022-05-13":{
      "1. open":"2226.2500",
      "2. high":"2280.0000",
      "3. low":"2048.1100",
      "4. close":"2261.1000",
      "5. volume":"28448577"
    },
    "2022-05-06":{
      "1. open":"2448.0200",
      "2. high":"2524.4100",
      "3. low":"2261.6250",
      "4. close":"2295.4500",
      "5. volume":"30337433"
    },
    "2022-04-29":{
      "1. open":"2880.4600",
      "2. high":"2924.4300",
      "3. low":"2432.5000",
      "4. close":"2485.6300",
      "5. volume":"29941011"
    },
    "2022-04-22":{
      "1. open":"3030.4700",
      "2. high":"3172.9800",
      "3. low":"2873.9501",
      "4. close":"2887.0000",
      "5. volume":"14882992"
    },
    "2022-04-14":{
      "1. open":"3054.2600",
      "2. high":"3120.5000",
      "3. low":"2992.0000",
      "4. close":"3034.1300",
      "5. volume":"10613940"
    },
    "2022-04-08":{
      "1. open":"3282.5000",
      "2. high":"3367.8900",
      "3. low":"3084.6150",
      "4. close":"3089.2100",
      "5. volume":"14779661"
    },
    "2022-04-01":{
      "1. open":"3299.5000",
      "2. high":"3416.6300",
      "3. low":"3246.3900",
      "4. close":"3271.2000",
      "5. volume":"14961498"
    },
    "2022-03-25":{
      "1. open":"3222.4150",
      "2. high":"3327.4000",
      "3. low":"3191.0600",
      "4. close":"3295.4700",
      "5. volume":"14416524"
    },
    "2022-03-18":{
      "1. open":"2919.6200",
      "2. high":"3231.8800",
      "3. low":"2817.6800",
      "4. close":"3225.0100",
      "5. volume":"20441777"
    },
    "2022-03-11":{
      "1. open":"2908.8700",
      "2. high":"2993.5000",
      "3. low":"2671.4500",
      "4. close":"2910.4900",
      "5. volume":"23260828"
    },
    "2022-03-04":{
      "1. open":"3048.5000",
      "2. high":"3089.0000",
      "3. low":"2876.1400",
      "4. close":"2912.8200",
      "5. volume":"13803602"
    },
    "2022-02-25":{
      "1. open":"3009.5700",
      "2. high":"3079.8000",
      "3. low":"2790.0000",
      "4. close":"3075.7700",
      "5. volume":"14617617"
    },
    "2022-02-18":{
      "1. open":"3035.0200",
      "2. high":"3206.9750",
      "3. low":"3017.8600",
      "4. close":"3052.0300",
      "5. volume":"16027112"
    },
    "2022-02-11":{
      "1. open":"3170.4000",
      "2. high":"3276.6900",
      "3. low":"3054.6750",
      "4. close":"3065.8700",
      "5. volume":"19640945"
    },
    "2022-02-04":{
      "1. open":"2895.0000",
      "2. high":"3224.0000",
      "3. low":"2766.6600",
      "4. close":"3152.7900",
      "5. volume":"35192213"
    },
    "2022-01-28":{
      "1. open":"2780.0000",
      "2. high":"2903.6950",
      "3. low":"2707.0400",
      "4. close":"2879.5600",
      "5. volume":"24718944"
    },
    "2022-01-21":{
      "1. open":"3182.1000",
      "2. high":"3194.6899",
      "3. low":"2841.4080",
      "4. close":"2852.8600",
      "5. volume":"17724960"
    },
    "2022-01-14":{
      "1. open":"3211.7100",
      "2. high":"3337.5600",
      "3. low":"3126.0900",
      "4. close":"3242.7600",
      "5. volume":"14914534"
    },
    "2022-01-07":{
      "1. open":"3351.0000",
      "2. high":"3428.0000",
      "3. low":"3238.7442",
      "4. close":"3251.0800",
      "5. volume":"14873035"
    }
  },
  "ETSY":{
    "2023-04-04":{
      "1. open":"110.4500",
      "2. high":"114.7300",
      "3. low":"105.8800",
      "4. close":"109.6400",
      "5. volume":"7379696"
    },
    "2023-03-31":{
      "1. open":"107.4500",
      "2. high":"111.6100",
      "3. low":"103.2400",
      "4. close":"111.3300",
      "5. volume":"11790163"
    },
    "2023-03-24":{
      "1. open":"104.4300",
      "2. high":"116.1500",
      "3. low":"103.3400",
      "4. close":"106.8500",
      "5. volume":"16272181"
    },
    "2023-03-17":{
      "1. open":"103.0150",
      "2. high":"107.0000",
      "3. low":"99.2400",
      "4. close":"105.3400",
      "5. volume":"19259248"
    },
    "2023-03-10":{
      "1. open":"122.0500",
      "2. high":"122.5095",
      "3. low":"103.4600",
      "4. close":"105.9800",
      "5. volume":"25598688"
    },
    "2023-03-03":{
      "1. open":"123.8400",
      "2. high":"124.4000",
      "3. low":"116.2708",
      "4. close":"121.4200",
      "5. volume":"15013557"
    },
    "2023-02-24":{
      "1. open":"126.7600",
      "2. high":"133.4900",
      "3. low":"120.2100",
      "4. close":"124.1050",
      "5. volume":"20634878"
    },
    "2023-02-17":{
      "1. open":"131.9900",
      "2. high":"143.1500",
      "3. low":"127.1583",
      "4. close":"129.6800",
      "5. volume":"17514091"
    },
    "2023-02-10":{
      "1. open":"145.5600",
      "2. high":"147.7888",
      "3. low":"131.2100",
      "4. close":"132.1300",
      "5. volume":"9932645"
    },
    "2023-02-03":{
      "1. open":"136.4400",
      "2. high":"149.9100",
      "3. low":"134.1200",
      "4. close":"147.5000",
      "5. volume":"14152452"
    },
    "2023-01-27":{
      "1. open":"132.7500",
      "2. high":"140.4600",
      "3. low":"129.3000",
      "4. close":"137.8000",
      "5. volume":"13200864"
    },
    "2023-01-20":{
      "1. open":"134.5000",
      "2. high":"136.9100",
      "3. low":"127.5300",
      "4. close":"131.8200",
      "5. volume":"9513565"
    },
    "2023-01-13":{
      "1. open":"122.7300",
      "2. high":"136.1450",
      "3. low":"120.3200",
      "4. close":"134.6700",
      "5. volume":"17310105"
    },
    "2023-01-06":{
      "1. open":"121.5100",
      "2. high":"122.4100",
      "3. low":"111.8300",
      "4. close":"120.5900",
      "5. volume":"11812967"
    },
    "2022-12-30":{
      "1. open":"126.0300",
      "2. high":"126.4899",
      "3. low":"117.8600",
      "4. close":"119.7800",
      "5. volume":"7483804"
    },
    "2022-12-23":{
      "1. open":"126.4100",
      "2. high":"135.0500",
      "3. low":"123.1900",
      "4. close":"126.9400",
      "5. volume":"11108309"
    },
    "2022-12-16":{
      "1. open":"125.7500",
      "2. high":"138.9500",
      "3. low":"124.1700",
      "4. close":"126.3200",
      "5. volume":"14771973"
    },
    "2022-12-09":{
      "1. open":"139.2800",
      "2. high":"142.5300",
      "3. low":"126.5700",
      "4. close":"126.7800",
      "5. volume":"14057698"
    },
    "2022-12-02":{
      "1. open":"120.2000",
      "2. high":"141.9600",
      "3. low":"118.5500",
      "4. close":"140.4900",
      "5. volume":"17358003"
    },
    "2022-11-25":{
      "1. open":"112.2000",
      "2. high":"122.1438",
      "3. low":"111.3700",
      "4. close":"120.3100",
      "5. volume":"9558367"
    },
    "2022-11-18":{
      "1. open":"114.3100",
      "2. high":"127.2800",
      "3. low":"112.0650",
      "4. close":"113.9200",
      "5. volume":"19567959"
    },
    "2022-11-11":{
      "1. open":"100.1900",
      "2. high":"116.6000",
      "3. low":"94.8800",
      "4. close":"115.6400",
      "5. volume":"16865619"
    },
    "2022-11-04":{
      "1. open":"97.9950",
      "2. high":"103.0600",
      "3. low":"87.2400",
      "4. close":"98.3500",
      "5. volume":"30678557"
    },
    "2022-10-28":{
      "1. open":"100.3300",
      "2. high":"106.2000",
      "3. low":"94.3500",
      "4. close":"97.9100",
      "5. volume":"15467669"
    },
    "2022-10-21":{
      "1. open":"95.2200",
      "2. high":"104.2800",
      "3. low":"93.6118",
      "4. close":"100.9100",
      "5. volume":"15811493"
    },
    "2022-10-14":{
      "1. open":"111.2100",
      "2. high":"111.7900",
      "3. low":"91.7001",
      "4. close":"92.4500",
      "5. volume":"22173117"
    },
    "2022-10-07":{
      "1. open":"100.8100",
      "2. high":"116.8005",
      "3. low":"100.6600",
      "4. close":"110.4400",
      "5. volume":"13516453"
    },
    "2022-09-30":{
      "1. open":"96.0700",
      "2. high":"104.0300",
      "3. low":"94.1600",
      "4. close":"100.1300",
      "5. volume":"13102189"
    },
    "2022-09-23":{
      "1. open":"106.8600",
      "2. high":"111.9200",
      "3. low":"94.4000",
      "4. close":"96.4700",
      "5. volume":"14247919"
    },
    "2022-09-16":{
      "1. open":"111.0400",
      "2. high":"114.8000",
      "3. low":"105.5300",
      "4. close":"108.0300",
      "5. volume":"14396992"
    },
    "2022-09-09":{
      "1. open":"105.6500",
      "2. high":"111.7300",
      "3. low":"100.9100",
      "4. close":"110.4200",
      "5. volume":"8947951"
    },
    "2022-09-02":{
      "1. open":"101.5800",
      "2. high":"109.3400",
      "3. low":"100.8550",
      "4. close":"105.7200",
      "5. volume":"11674064"
    },
    "2022-08-26":{
      "1. open":"104.4600",
      "2. high":"111.2400",
      "3. low":"102.5200",
      "4. close":"104.2500",
      "5. volume":"10821123"
    },
    "2022-08-19":{
      "1. open":"118.0050",
      "2. high":"123.0300",
      "3. low":"105.2800",
      "4. close":"107.0100",
      "5. volume":"14891191"
    },
    "2022-08-12":{
      "1. open":"109.3300",
      "2. high":"120.6900",
      "3. low":"107.5101",
      "4. close":"119.9100",
      "5. volume":"17518723"
    },
    "2022-08-05":{
      "1. open":"101.8500",
      "2. high":"111.9800",
      "3. low":"101.1200",
      "4. close":"109.3800",
      "5. volume":"14655227"
    },
    "2022-07-29":{
      "1. open":"96.2100",
      "2. high":"107.3900",
      "3. low":"90.1650",
      "4. close":"103.7200",
      "5. volume":"31549774"
    },
    "2022-07-22":{
      "1. open":"84.2500",
      "2. high":"102.1200",
      "3. low":"83.7900",
      "4. close":"97.1100",
      "5. volume":"22653533"
    },
    "2022-07-15":{
      "1. open":"87.1000",
      "2. high":"89.6700",
      "3. low":"78.2400",
      "4. close":"82.5000",
      "5. volume":"18890522"
    },
    "2022-07-08":{
      "1. open":"79.0900",
      "2. high":"91.5800",
      "3. low":"77.5900",
      "4. close":"88.7500",
      "5. volume":"17455300"
    },
    "2022-07-01":{
      "1. open":"82.0800",
      "2. high":"84.1300",
      "3. low":"70.4602",
      "4. close":"79.8100",
      "5. volume":"20909886"
    },
    "2022-06-24":{
      "1. open":"73.3350",
      "2. high":"83.6500",
      "3. low":"70.5650",
      "4. close":"83.6200",
      "5. volume":"12644362"
    },
    "2022-06-17":{
      "1. open":"72.1600",
      "2. high":"77.3300",
      "3. low":"67.0100",
      "4. close":"72.1100",
      "5. volume":"25334750"
    },
    "2022-06-10":{
      "1. open":"82.1900",
      "2. high":"87.0200",
      "3. low":"75.2900",
      "4. close":"75.8400",
      "5. volume":"17675183"
    },
    "2022-06-03":{
      "1. open":"82.9500",
      "2. high":"87.9400",
      "3. low":"79.5200",
      "4. close":"80.9800",
      "5. volume":"18094546"
    },
    "2022-05-27":{
      "1. open":"77.8700",
      "2. high":"82.2400",
      "3. low":"68.3990",
      "4. close":"82.1500",
      "5. volume":"24315348"
    },
    "2022-05-20":{
      "1. open":"91.0000",
      "2. high":"92.4000",
      "3. low":"74.6600",
      "4. close":"78.3400",
      "5. volume":"27112870"
    },
    "2022-05-13":{
      "1. open":"85.0800",
      "2. high":"94.5800",
      "3. low":"75.6100",
      "4. close":"92.0800",
      "5. volume":"39011893"
    },
    "2022-05-06":{
      "1. open":"92.3200",
      "2. high":"110.9500",
      "3. low":"81.1150",
      "4. close":"86.3800",
      "5. volume":"43904230"
    },
    "2022-04-29":{
      "1. open":"96.8450",
      "2. high":"103.3700",
      "3. low":"92.8600",
      "4. close":"93.1900",
      "5. volume":"25115343"
    },
    "2022-04-22":{
      "1. open":"115.3300",
      "2. high":"118.7398",
      "3. low":"97.4600",
      "4. close":"98.4100",
      "5. volume":"21036509"
    },
    "2022-04-14":{
      "1. open":"115.1300",
      "2. high":"122.4550",
      "3. low":"111.2100",
      "4. close":"115.7900",
      "5. volume":"12173742"
    },
    "2022-04-08":{
      "1. open":"128.5800",
      "2. high":"138.8800",
      "3. low":"114.5700",
      "4. close":"116.5800",
      "5. volume":"19051605"
    },
    "2022-04-01":{
      "1. open":"134.7000",
      "2. high":"144.9400",
      "3. low":"122.5300",
      "4. close":"127.0500",
      "5. volume":"15456682"
    },
    "2022-03-25":{
      "1. open":"146.4200",
      "2. high":"151.4973",
      "3. low":"129.7500",
      "4. close":"132.3200",
      "5. volume":"13738746"
    },
    "2022-03-18":{
      "1. open":"120.8500",
      "2. high":"149.7250",
      "3. low":"117.3800",
      "4. close":"148.0000",
      "5. volume":"18082991"
    },
    "2022-03-11":{
      "1. open":"152.9900",
      "2. high":"154.4034",
      "3. low":"121.1500",
      "4. close":"121.2300",
      "5. volume":"19577777"
    },
    "2022-03-04":{
      "1. open":"148.7100",
      "2. high":"163.8400",
      "3. low":"147.0000",
      "4. close":"151.5700",
      "5. volume":"22622244"
    },
    "2022-02-25":{
      "1. open":"128.1800",
      "2. high":"152.2300",
      "3. low":"109.3800",
      "4. close":"148.9400",
      "5. volume":"38153680"
    },
    "2022-02-18":{
      "1. open":"141.7100",
      "2. high":"148.2600",
      "3. low":"125.8400",
      "4. close":"127.3000",
      "5. volume":"12812170"
    },
    "2022-02-11":{
      "1. open":"133.7000",
      "2. high":"148.8400",
      "3. low":"133.4000",
      "4. close":"141.7700",
      "5. volume":"12704247"
    },
    "2022-02-04":{
      "1. open":"146.6200",
      "2. high":"159.3882",
      "3. low":"125.3700",
      "4. close":"133.6700",
      "5. volume":"25777005"
    },
    "2022-01-28":{
      "1. open":"140.5700",
      "2. high":"155.1500",
      "3. low":"136.0000",
      "4. close":"145.9500",
      "5. volume":"20156404"
    },
    "2022-01-21":{
      "1. open":"161.2400",
      "2. high":"172.3600",
      "3. low":"148.2100",
      "4. close":"148.8500",
      "5. volume":"13607591"
    },
    "2022-01-14":{
      "1. open":"181.4800",
      "2. high":"187.8799",
      "3. low":"159.8000",
      "4. close":"163.7000",
      "5. volume":"13520508"
    },
    "2022-01-07":{
      "1. open":"222.3500",
      "2. high":"223.2200",
      "3. low":"182.0601",
      "4. close":"185.1500",
      "5. volume":"17422125"
    }
  },
  "PINS":{
    "2023-04-03":{
      "1. open":"27.8700",
      "2. high":"27.9400",
      "3. low":"27.3300",
      "4. close":"27.7500",
      "5. volume":"9502384"
    },
    "2023-03-31":{
      "1. open":"28.8400",
      "2. high":"29.2700",
      "3. low":"26.2400",
      "4. close":"27.2700",
      "5. volume":"53115789"
    },
    "2023-03-24":{
      "1. open":"25.8500",
      "2. high":"28.5250",
      "3. low":"25.7800",
      "4. close":"27.4700",
      "5. volume":"42488532"
    },
    "2023-03-17":{
      "1. open":"23.7900",
      "2. high":"26.8300",
      "3. low":"22.9500",
      "4. close":"26.3700",
      "5. volume":"59245075"
    },
    "2023-03-10":{
      "1. open":"26.5400",
      "2. high":"27.5500",
      "3. low":"23.6400",
      "4. close":"24.1700",
      "5. volume":"50971435"
    },
    "2023-03-03":{
      "1. open":"25.2200",
      "2. high":"26.6500",
      "3. low":"24.4600",
      "4. close":"26.4000",
      "5. volume":"65122624"
    },
    "2023-02-24":{
      "1. open":"24.0000",
      "2. high":"25.6050",
      "3. low":"23.8000",
      "4. close":"25.0300",
      "5. volume":"44897337"
    },
    "2023-02-17":{
      "1. open":"25.0000",
      "2. high":"25.4000",
      "3. low":"24.0200",
      "4. close":"24.4300",
      "5. volume":"55738753"
    },
    "2023-02-10":{
      "1. open":"27.1300",
      "2. high":"28.0900",
      "3. low":"24.3150",
      "4. close":"24.8400",
      "5. volume":"115080968"
    },
    "2023-02-03":{
      "1. open":"26.2000",
      "2. high":"29.1700",
      "3. low":"25.3000",
      "4. close":"27.4800",
      "5. volume":"75839493"
    },
    "2023-01-27":{
      "1. open":"26.5900",
      "2. high":"27.6500",
      "3. low":"25.1850",
      "4. close":"26.7400",
      "5. volume":"50451181"
    },
    "2023-01-20":{
      "1. open":"26.6300",
      "2. high":"27.4700",
      "3. low":"25.5800",
      "4. close":"26.6000",
      "5. volume":"39929919"
    },
    "2023-01-13":{
      "1. open":"24.8400",
      "2. high":"27.1900",
      "3. low":"24.5300",
      "4. close":"26.6900",
      "5. volume":"51676236"
    },
    "2023-01-06":{
      "1. open":"25.2300",
      "2. high":"25.2300",
      "3. low":"22.5550",
      "4. close":"24.4600",
      "5. volume":"43601285"
    },
    "2022-12-30":{
      "1. open":"24.2000",
      "2. high":"24.2875",
      "3. low":"22.7900",
      "4. close":"24.2800",
      "5. volume":"27792032"
    },
    "2022-12-23":{
      "1. open":"24.7500",
      "2. high":"25.3850",
      "3. low":"23.7200",
      "4. close":"24.5300",
      "5. volume":"42694963"
    },
    "2022-12-16":{
      "1. open":"23.1500",
      "2. high":"26.8900",
      "3. low":"22.9280",
      "4. close":"24.8000",
      "5. volume":"86832113"
    },
    "2022-12-09":{
      "1. open":"24.6500",
      "2. high":"24.8200",
      "3. low":"22.0800",
      "4. close":"23.1600",
      "5. volume":"49611584"
    },
    "2022-12-02":{
      "1. open":"24.6500",
      "2. high":"25.7000",
      "3. low":"23.7000",
      "4. close":"24.8600",
      "5. volume":"42967860"
    },
    "2022-11-25":{
      "1. open":"24.0100",
      "2. high":"25.2350",
      "3. low":"23.3807",
      "4. close":"24.9900",
      "5. volume":"26046078"
    },
    "2022-11-18":{
      "1. open":"23.8500",
      "2. high":"26.3700",
      "3. low":"23.7600",
      "4. close":"24.3800",
      "5. volume":"78818798"
    },
    "2022-11-11":{
      "1. open":"22.7200",
      "2. high":"24.3300",
      "3. low":"21.0600",
      "4. close":"24.2000",
      "5. volume":"64266107"
    },
    "2022-11-04":{
      "1. open":"24.7900",
      "2. high":"25.6200",
      "3. low":"21.6850",
      "4. close":"22.3900",
      "5. volume":"81862649"
    },
    "2022-10-28":{
      "1. open":"21.4400",
      "2. high":"25.3700",
      "3. low":"20.6218",
      "4. close":"24.9000",
      "5. volume":"121547032"
    },
    "2022-10-21":{
      "1. open":"22.2200",
      "2. high":"24.1600",
      "3. low":"20.7100",
      "4. close":"21.5000",
      "5. volume":"76786524"
    },
    "2022-10-14":{
      "1. open":"25.0300",
      "2. high":"25.3800",
      "3. low":"21.3500",
      "4. close":"21.3500",
      "5. volume":"54329790"
    },
    "2022-10-07":{
      "1. open":"23.7800",
      "2. high":"26.3200",
      "3. low":"23.3000",
      "4. close":"25.1200",
      "5. volume":"63387218"
    },
    "2022-09-30":{
      "1. open":"22.6400",
      "2. high":"24.0000",
      "3. low":"22.2350",
      "4. close":"23.3000",
      "5. volume":"49241996"
    },
    "2022-09-23":{
      "1. open":"24.7800",
      "2. high":"25.6300",
      "3. low":"22.1300",
      "4. close":"22.5900",
      "5. volume":"67635068"
    },
    "2022-09-16":{
      "1. open":"25.4500",
      "2. high":"25.9100",
      "3. low":"23.6200",
      "4. close":"24.9200",
      "5. volume":"86693897"
    },
    "2022-09-09":{
      "1. open":"21.9400",
      "2. high":"25.5700",
      "3. low":"21.2400",
      "4. close":"25.5500",
      "5. volume":"73817773"
    },
    "2022-09-02":{
      "1. open":"22.6700",
      "2. high":"23.9000",
      "3. low":"21.7100",
      "4. close":"22.0700",
      "5. volume":"63205917"
    },
    "2022-08-26":{
      "1. open":"21.2000",
      "2. high":"24.1220",
      "3. low":"20.3900",
      "4. close":"23.0800",
      "5. volume":"65615291"
    },
    "2022-08-19":{
      "1. open":"23.2100",
      "2. high":"24.0900",
      "3. low":"21.5150",
      "4. close":"21.7700",
      "5. volume":"54922077"
    },
    "2022-08-12":{
      "1. open":"22.7800",
      "2. high":"24.2511",
      "3. low":"22.3600",
      "4. close":"23.4300",
      "5. volume":"79074443"
    },
    "2022-08-05":{
      "1. open":"19.1400",
      "2. high":"23.7700",
      "3. low":"18.9800",
      "4. close":"22.5500",
      "5. volume":"122503795"
    },
    "2022-07-29":{
      "1. open":"18.1700",
      "2. high":"19.4800",
      "3. low":"16.7750",
      "4. close":"19.4800",
      "5. volume":"80357731"
    },
    "2022-07-22":{
      "1. open":"20.7200",
      "2. high":"21.6750",
      "3. low":"17.9200",
      "4. close":"18.1100",
      "5. volume":"86710202"
    },
    "2022-07-15":{
      "1. open":"19.8200",
      "2. high":"20.7800",
      "3. low":"17.3200",
      "4. close":"20.4000",
      "5. volume":"94225322"
    },
    "2022-07-08":{
      "1. open":"18.1700",
      "2. high":"20.6900",
      "3. low":"17.7900",
      "4. close":"20.2400",
      "5. volume":"54083532"
    },
    "2022-07-01":{
      "1. open":"21.9000",
      "2. high":"21.9900",
      "3. low":"17.8100",
      "4. close":"18.7100",
      "5. volume":"90671601"
    },
    "2022-06-24":{
      "1. open":"18.3200",
      "2. high":"21.5000",
      "3. low":"18.0700",
      "4. close":"21.4700",
      "5. volume":"66890880"
    },
    "2022-06-17":{
      "1. open":"18.5500",
      "2. high":"19.4350",
      "3. low":"16.9200",
      "4. close":"18.1800",
      "5. volume":"81318568"
    },
    "2022-06-10":{
      "1. open":"19.7200",
      "2. high":"21.1200",
      "3. low":"19.1400",
      "4. close":"19.2400",
      "5. volume":"50792754"
    },
    "2022-06-03":{
      "1. open":"20.2700",
      "2. high":"20.5350",
      "3. low":"18.5600",
      "4. close":"19.4600",
      "5. volume":"65563907"
    },
    "2022-05-27":{
      "1. open":"22.7800",
      "2. high":"22.7800",
      "3. low":"16.1400",
      "4. close":"20.4500",
      "5. volume":"132987822"
    },
    "2022-05-20":{
      "1. open":"21.1000",
      "2. high":"23.5800",
      "3. low":"20.9250",
      "4. close":"22.9100",
      "5. volume":"69483895"
    },
    "2022-05-13":{
      "1. open":"22.1500",
      "2. high":"22.6200",
      "3. low":"18.3250",
      "4. close":"21.4700",
      "5. volume":"73718742"
    },
    "2022-05-06":{
      "1. open":"20.5600",
      "2. high":"24.3078",
      "3. low":"20.3350",
      "4. close":"22.6900",
      "5. volume":"80404509"
    },
    "2022-04-29":{
      "1. open":"19.4700",
      "2. high":"21.7200",
      "3. low":"18.3200",
      "4. close":"20.5200",
      "5. volume":"98201456"
    },
    "2022-04-22":{
      "1. open":"22.1300",
      "2. high":"22.9700",
      "3. low":"19.4700",
      "4. close":"19.5900",
      "5. volume":"68806647"
    },
    "2022-04-14":{
      "1. open":"23.1400",
      "2. high":"24.0000",
      "3. low":"22.0900",
      "4. close":"22.1600",
      "5. volume":"34992579"
    },
    "2022-04-08":{
      "1. open":"25.5000",
      "2. high":"27.9500",
      "3. low":"22.7900",
      "4. close":"23.5500",
      "5. volume":"57948758"
    },
    "2022-04-01":{
      "1. open":"25.5300",
      "2. high":"26.8050",
      "3. low":"24.5100",
      "4. close":"24.8100",
      "5. volume":"48102612"
    },
    "2022-03-25":{
      "1. open":"26.1300",
      "2. high":"26.8800",
      "3. low":"24.9600",
      "4. close":"25.4900",
      "5. volume":"37342975"
    },
    "2022-03-18":{
      "1. open":"22.6900",
      "2. high":"26.4500",
      "3. low":"21.9200",
      "4. close":"26.3200",
      "5. volume":"56511063"
    },
    "2022-03-11":{
      "1. open":"24.1700",
      "2. high":"25.4700",
      "3. low":"22.3400",
      "4. close":"23.0800",
      "5. volume":"53827141"
    },
    "2022-03-04":{
      "1. open":"26.2900",
      "2. high":"27.1099",
      "3. low":"23.7600",
      "4. close":"24.1800",
      "5. volume":"51902990"
    },
    "2022-02-25":{
      "1. open":"23.4800",
      "2. high":"26.3700",
      "3. low":"22.3100",
      "4. close":"26.3500",
      "5. volume":"50226396"
    },
    "2022-02-18":{
      "1. open":"25.3000",
      "2. high":"25.9882",
      "3. low":"23.6100",
      "4. close":"23.8600",
      "5. volume":"58702752"
    },
    "2022-02-11":{
      "1. open":"27.0200",
      "2. high":"28.0699",
      "3. low":"25.2300",
      "4. close":"25.4000",
      "5. volume":"114476454"
    },
    "2022-02-04":{
      "1. open":"27.1200",
      "2. high":"30.2682",
      "3. low":"24.0100",
      "4. close":"27.2500",
      "5. volume":"121300824"
    },
    "2022-01-28":{
      "1. open":"28.5500",
      "2. high":"31.1600",
      "3. low":"25.9700",
      "4. close":"26.8400",
      "5. volume":"90299091"
    },
    "2022-01-21":{
      "1. open":"32.2850",
      "2. high":"33.7900",
      "3. low":"29.1900",
      "4. close":"29.4500",
      "5. volume":"39344008"
    },
    "2022-01-14":{
      "1. open":"31.7000",
      "2. high":"35.0400",
      "3. low":"31.0150",
      "4. close":"32.8300",
      "5. volume":"45305506"
    },
    "2022-01-07":{
      "1. open":"36.8000",
      "2. high":"36.9500",
      "3. low":"31.6100",
      "4. close":"32.4200",
      "5. volume":"65036469"
    }
  }
}
